IDENTIFIER,DIRX,DIRY,DIRZ,SURFACEANGLE,LOCX,LOCY,LOCZ,2DLOCX,2DLOCY,2DLOCZ,WAVELENGTH,RGBCOLOR,DISTANCE,CASUALTYINTENSITY,TRACESOURCEINTENSITY,INTENSITYFRACTION,Pol1DirX,Pol1DirY,Pol1DirZ,Pol1Len,Pol2DirX,Pol2DirY,Pol2DirZ,Pol2Len
spiral_1_r,0.832050948079558,0,0.554699215611405,0.982794901798007,0.32614276611634,-0.00275461785557141,0.2,0.0761427661163402,0.247245382144429,0,4.13E-07,#4C00FF,0,0.0739647294979239,1,0.0739647294979239,0,0.271964573975495,0,0.271964573975495,2.78215372750824E-07,0,-4.17324124773597E-07,5.0156078271026E-07
spiral_1_t_r_t,0.832050948079558,0,0.554699215611405,0.982794901798007,0.330142770655941,-0.00275461785557141,0.2,0.0801427706559411,0.247245382144429,0,4.13E-07,#4C00FF,0,0.0578578152361867,1,0.0578578152361867,0,-0.2405365153899,0,0.2405365153899,-2.8878474711754E-07,0,4.33178226807509E-07,5.20615027009248E-07
